AA1,AA2,PhyloP,Blosum62,Grantham,PPH.dScore,PPH.Site,PPH.Region,PPH.PHAT,SPOTD.Info,SPOTD.PDisorder,SPOTD.PCoil,SPOTD.PSheet,SPOTD.PHelix,SPOTD.CN,SPOTD.ASA,SPOTD.HSEu,SPOTD.HSEd,SPOTD.SecStr,SM.ClassRIN,SM.Ide,SM.Coverage,SM.Resol,PDBAAMatch,MaestroddG,FoldXddG,dVol,dProp,DSSP.NormASA,DSSP.SecStr,B.Mean,B.Zscore,Hb.Tot,Hb.Inter,Hb.Intra,Hb.IntraDist,Hb.SM,Hb.SS,IntCont,AveSeqDist,ExtCont,BiolHetCont,NumAA2in26Prim,NumAA2in117,CV.SigShort,ResKDHydro,SubDiffKDHydro
A,V,1.156,0,64,+0.236,NO,COILED,?,0.23,0.27,0.07,0.00,0.93,21.10,63.90,4.30,17.10,H,None,0.0,0.0,?,0,?,?,?,?,?,?,?,?,?,?,?,?,?,?,?,?,?,?,0,2,VUS,1.8,2.4000000000000004
S,L,6.194,-2,145,+1.563,NO,NO,?,0.37,0.28,0.60,0.35,0.05,8.70,65.50,7.00,3.00,C,Protein interaction,0.3670000000000001,0.003,2.0,0,?,?,?,?,?,?,?,?,?,?,?,?,?,?,9,15.2,1,0,0,0,VUS,-0.8,4.6
A,T,2.728,0,58,+0.271,NO,NO,?,0.16,0.90,0.81,0.09,0.09,39.90,45.50,19.50,20.40,C,None,0.0,0.0,?,0,?,?,?,?,?,?,?,?,?,?,?,?,?,?,?,?,?,?,0,11,VUS,1.8,-2.5
R,H,3.693,0,29,+0.701,NO,NO,?,0.98,0.08,0.74,0.07,0.10,47.60,106.40,23.70,24.20,C,Surface,0.3670000000000001,0.031,2.5,0,?,?,?,?,?,?,?,?,?,?,?,?,?,?,?,?,?,?,0,5,VUS,-4.5,1.2999999999999998
D,N,7.6179999999999986,1,23,+2.477,METAL,NO,?,1.42,0.02,0.96,0.04,0.01,45.40,69.00,17.00,28.50,C,ligand interaction,0.998,0.958,2.4,1,-0.196321,0.731382,3,-0.14,0,S,31.85,-0.80,3,0,3,1,2,1,16,143.3,0,1,0,0,VUS,-3.5,0.0
G,E,7.859,-2,98,+2.490,NO,NO,?,1.26,0.04,0.61,0.30,0.09,47.80,12.50,24.60,23.10,C,Core,0.639,0.05,1.8,1,2.640472,4.29042,78,0.75,0.149,E,18.00,-0.65,0,0,0,0,0,0,10,14.1,0,0,0,0,VUS,-0.4,-3.1
L,P,1.158,-3,98,+2.227,NO,NO,?,0.08,0.81,0.84,0.06,0.07,25.60,82.60,12.90,12.50,C,None,0.0,0.0,?,0,?,?,?,?,?,?,?,?,?,?,?,?,?,?,?,?,?,?,0,0,VUS,3.8,-5.4
G,V,4.271,-3,109,+1.447,NO,REPEAT,?,1.78,0.02,0.96,0.03,0.01,37.90,21.40,19.70,18.10,C,None,0.0,0.0,?,0,?,?,?,?,?,?,?,?,?,?,?,?,?,?,?,?,?,?,0,0,VUS,-0.4,4.6000000000000005
R,I,6.021,-3,97,+2.911,NO,NO,?,2.11,0.07,0.04,0.01,0.95,38.60,22.90,24.80,13.40,H,Surface,0.514,0.147,2.5,1,?,?,?,?,?,?,?,?,?,?,?,?,?,?,?,?,?,?,0,0,VUS,-4.5,9.0
T,I,-1.6840000000000002,-1,89,+0.258,NO,NO,?,0.13,0.52,0.69,0.05,0.24,26.00,67.50,11.10,14.90,C,Core,1.0,0.463,4.5,1,-0.602393,?,51,-0.7,1.01,.,214.24,2.68,0,0,0,0,0,0,2,1.5,1,0,6,12,VUS,-0.7,5.2
